full_name,rating,jersey,team,position,b_day,height,weight,salary,country,draft_year,draft_round,draft_peak,college,version,bmi
LeBron James,97,#23,Los Angeles Lakers,F,1984-12-30,2.06,113.4,37436858,USA,2003,1,1,missing_,NBA2k20,26.722594023941937
Kawhi Leonard,97,#2,Los Angeles Clippers,F,1991-06-29,2.01,102.1,32742000,USA,2011,1,15,San Diego State,NBA2k20,25.271651691789813
Giannis Antetokounmpo,96,#34,Milwaukee Bucks,F-G,1994-12-06,2.11,109.8,25842697,Greece,2013,1,15,missing_,NBA2k20,24.662518811347454
Kevin Durant,96,#7,Brooklyn Nets,F,1988-09-29,2.08,104.3,37199000,USA,2007,1,2,Texas,NBA2k20,24.107803254437865
James Harden,96,#13,Houston Rockets,G,1989-08-26,1.96,99.8,38199000,USA,2009,1,3,Arizona State,NBA2k20,25.978758850478968
Stephen Curry,95,#30,Golden State Warriors,G,1988-03-14,1.91,83.9,40231758,USA,2009,1,7,Davidson,NBA2k20,22.998273073654783
Anthony Davis,94,#3,Los Angeles Lakers,F-C,1993-03-11,2.08,100.7,27093019,USA,2012,1,1,Kentucky,NBA2k20,23.27570266272189
Paul George,93,#13,Los Angeles Clippers,F,1990-05-02,2.03,95.3,33005556,USA,2010,1,10,Fresno State,NBA2k20,23.12601616151812
Damian Lillard,92,#0,Portland Trail Blazers,G,1990-07-15,1.88,88.5,29802321,USA,2012,1,6,Weber State,NBA2k20,25.039610683567226
Joel Embiid,91,#21,Philadelphia 76ers,C,1994-03-16,2.13,113.4,27504630,Cameroon,2014,1,3,Kansas,NBA2k20,24.995040666534422
Kyrie Irving,91,#11,Brooklyn Nets,G,1992-03-23,1.88,81.6,31742000,Australia,2011,1,1,Duke,NBA2k20,23.087369850611136
Nikola Jokic,90,#15,Denver Nuggets,C,1995-02-19,2.13,114.8,27504630,Serbia,2014,2,41,missing_,NBA2k20,25.303621415503983
Russell Westbrook,90,#0,Houston Rockets,G,1988-11-12,1.91,86.2,38506482,USA,2008,1,4,UCLA,NBA2k20,23.628738247306817
Klay Thompson,89,#11,Golden State Warriors,G,1990-02-08,1.98,93.0,32742000,USA,2011,1,11,Washington State,NBA2k20,23.72206917661463
Karl-Anthony Towns,89,#32,Minnesota Timberwolves,F-C,1995-11-15,2.11,112.5,27285000,USA,2015,1,1,Kentucky,NBA2k20,25.26897419195436
Jimmy Butler,88,#22,Miami Heat,G,1989-09-14,2.01,99.8,32742000,USA,2011,1,30,Marquette,NBA2k20,24.702358852503657
Rudy Gobert,88,#27,Utah Jazz,C,1992-06-26,2.16,108.0,25258427,France,2013,1,27,missing_,NBA2k20,23.148148148148145
Blake Griffin,88,#23,Detroit Pistons,F,1989-03-16,2.06,114.3,34449964,USA,2009,1,1,Oklahoma,NBA2k20,26.93467810349703
Donovan Mitchell,88,#45,Utah Jazz,G,1996-09-07,1.85,95.7,3635760,USA,2017,1,13,Louisville,NBA2k20,27.962016070124175
Kemba Walker,88,#8,Boston Celtics,G,1990-05-08,1.83,78.0,32742000,USA,2011,1,9,UConn,NBA2k20,23.291229956104985
Luka Doncic,87,#77,Dallas Mavericks,G-F,1999-02-28,2.01,103.0,7683360,Slovenia,2018,1,3,missing_,NBA2k20,25.494418454988743
LaMarcus Aldridge,87,#12,San Antonio Spurs,F-C,1985-07-19,2.11,111.6,26000000,USA,2006,1,2,Texas,NBA2k20,25.066822398418726
Bradley Beal,87,#3,Washington Wizards,G,1993-06-28,1.91,93.9,27093018,USA,2012,1,3,Florida,NBA2k20,25.739426002576685
Mike Conley,87,#10,Utah Jazz,G,1987-10-11,1.85,83.9,32511623,USA,2007,1,4,Ohio State,NBA2k20,24.514243973703433
DeMar DeRozan,87,#10,San Antonio Spurs,G-F,1989-08-07,1.98,99.8,27739975,USA,2009,1,9,USC,NBA2k20,25.456586062646668
CJ McCollum,87,#3,Portland Trail Blazers,G,1991-09-19,1.91,89.4,27556959,USA,2013,1,10,Lehigh,NBA2k20,24.505907184561828
Victor Oladipo,87,#4,Indiana Pacers,G,1992-05-04,1.93,96.6,21000000,USA,2013,1,2,Indiana,NBA2k20,25.933582109586833
Kristaps Porzingis,87,#6,Dallas Mavericks,F-C,1995-08-02,2.21,99.8,27285000,Latvia,2015,1,4,missing_,NBA2k20,20.433652054626236
D'Angelo Russell,87,#0,Minnesota Timberwolves,G,1996-02-23,1.93,87.5,27285000,USA,2015,1,2,Ohio State,NBA2k20,23.49056350506054
Pascal Siakam,87,#43,Toronto Raptors,F,1994-04-02,2.06,103.0,2351838,Cameroon,2016,1,27,New Mexico State,NBA2k20,24.271844660194176
Ben Simmons,87,#25,Philadelphia 76ers,F,1996-07-20,2.08,108.9,8113929,Australia,2016,1,1,LSU,NBA2k20,25.17104289940828
De'Aaron Fox,86,#5,Sacramento Kings,G,1997-12-20,1.91,77.6,6392760,USA,2017,1,5,Kentucky,NBA2k20,21.27134672843398
Devin Booker,86,#1,Phoenix Suns,G,1996-10-30,1.96,93.4,27285000,USA,2015,1,13,Kentucky,NBA2k20,24.31278633902541
DeMarcus Cousins,86,#0,missing_,C,1990-08-13,2.08,122.5,3500000,USA,2010,1,5,Kentucky,NBA2k20,28.314534023668635
Andre Drummond,86,#0,Cleveland Cavaliers,C,1993-08-10,2.08,122.5,27093018,USA,2012,1,9,UConn,NBA2k20,28.314534023668635
Draymond Green,86,#23,Golden State Warriors,F,1990-03-04,1.98,104.3,18539130,USA,2012,2,35,Michigan State,NBA2k20,26.604428119579634
Jrue Holiday,86,#11,New Orleans Pelicans,G,1990-06-12,1.91,81.6,26131111,USA,2009,1,17,UCLA,NBA2k20,22.36780790000274
Nikola Vucevic,86,#9,Orlando Magic,C,1990-10-24,2.11,108.9,28000000,Montenegro,2011,1,16,USC,NBA2k20,24.460367017811823
John Wall,86,#2,Washington Wizards,G,1990-09-06,1.93,88.5,38199000,USA,2010,1,1,Kentucky,NBA2k20,23.759027087975518
Jayson Tatum,85,#0,Boston Celtics,F,1998-03-03,2.03,92.5,7830000,USA,2017,1,3,Duke,NBA2k20,22.44655293746512
Trae Young,85,#11,Atlanta Hawks,G,1998-09-19,1.85,81.6,6273000,USA,2018,1,5,Oklahoma,NBA2k20,23.842220598977352
Eric Bledsoe,85,#6,Milwaukee Bucks,G,1989-12-09,1.85,88.5,15625000,USA,2010,1,18,Kentucky,NBA2k20,25.858290723155587
Clint Capela,85,#15,Atlanta Hawks,C,1994-05-18,2.08,95.7,16896552,Switzerland,2014,1,25,missing_,NBA2k20,22.1200073964497
Tobias Harris,85,#12,Philadelphia 76ers,F,1992-07-15,2.03,102.5,32742000,USA,2011,1,19,Tennessee,NBA2k20,24.873207309082975
Al Horford,85,#42,Philadelphia 76ers,C-F,1986-06-03,2.06,111.6,28000000,Dominican Republic,2007,1,3,Florida,NBA2k20,26.298425864831746
Zach LaVine,85,#8,Chicago Bulls,G,1995-03-10,1.98,82.1,19500000,USA,2014,1,13,UCLA,NBA2k20,20.941740638710336
Kyle Lowry,85,#7,Toronto Raptors,G,1986-03-25,1.83,93.0,33296296,USA,2006,1,24,Villanova,NBA2k20,27.77031263997133
Khris Middleton,85,#22,Milwaukee Bucks,F,1991-08-12,2.01,98.4,30603448,USA,2012,2,39,Texas A&M,NBA2k20,24.355832776416435
Chris Paul,85,#3,Oklahoma City Thunder,G,1985-05-06,1.85,79.4,38506482,USA,2005,1,4,Wake Forest,NBA2k20,23.199415631848066
John Collins,84,#20,Atlanta Hawks,F,1997-09-23,2.06,102.1,2686560,USA,2017,1,19,Wake Forest,NBA2k20,24.05976058063908
Buddy Hield,84,#24,Sacramento Kings,G,1993-12-17,1.93,96.2,4861207,The Bahamas,2016,1,6,Oklahoma,NBA2k20,25.826196676420846
Kyle Kuzma,84,#0,Los Angeles Lakers,F,1995-07-24,2.03,100.2,1974600,USA,2017,1,27,Utah,NBA2k20,24.315076803610868
Jamal Murray,84,#27,Denver Nuggets,G,1997-02-23,1.93,91.2,4444746,Canada,2016,1,7,Kentucky,NBA2k20,24.483878761845958
Louis Williams,84,#23,Los Angeles Clippers,G,1986-10-27,1.85,79.4,8000000,USA,2005,2,45,missing_,NBA2k20,23.199415631848066
Marvin Bagley,83,#35,Sacramento Kings,F,1999-03-14,2.11,106.6,8556120,USA,2018,1,2,Duke,NBA2k20,23.94375687877631
Bojan Bogdanovic,83,#44,Utah Jazz,G-F,1989-04-18,2.03,98.0,17000000,Croatia,2011,2,31,missing_,NBA2k20,23.78121284185494
Malcolm Brogdon,83,#7,Indiana Pacers,G,1992-12-11,1.96,101.2,20000000,USA,2016,2,36,Virginia,NBA2k20,26.343190337359438
Danilo Gallinari,83,#8,Oklahoma City Thunder,F,1988-08-08,2.08,102.1,22615559,Italy,2008,1,6,missing_,NBA2k20,23.599297337278102
Montrezl Harrell,83,#5,Los Angeles Clippers,F,1994-01-26,2.01,114.8,6000000,USA,2015,2,32,Louisville,NBA2k20,28.415138239152505
Kevin Love,83,#0,Cleveland Cavaliers,F,1988-09-07,2.03,117.9,28942830,USA,2008,1,5,UCLA,NBA2k20,28.610255041374465
Lauri Markkanen,83,#24,Chicago Bulls,F-C,1997-05-22,2.13,108.9,5300400,Finland,2017,1,7,Arizona,NBA2k20,24.00317397341798
Jusuf Nurkic,83,#27,Portland Trail Blazers,C,1994-08-23,2.13,131.5,12000000,Bosnia and Herzegovina,2014,1,16,missing_,NBA2k20,28.984548921069457
Julius Randle,83,#30,New York Knicks,F,1994-11-29,2.03,113.4,18000000,USA,2014,1,7,Kentucky,NBA2k20,27.51826057414643
Marc Gasol,82,#33,Toronto Raptors,C,1985-01-29,2.11,120.2,25595700,Spain,2007,2,48,missing_,NBA2k20,26.998495092203683
Steven Adams,82,#12,Oklahoma City Thunder,C,1993-07-20,2.11,115.7,25842697,New Zealand,2013,1,12,Pittsburgh,NBA2k20,25.987736124525508
Deandre Ayton,82,#22,Phoenix Suns,C,1998-07-23,2.11,113.4,9562920,The Bahamas,2018,1,1,Arizona,NBA2k20,25.471125985489998
Spencer Dinwiddie,82,#8,Brooklyn Nets,G,1993-04-06,1.96,93.0,10605600,USA,2014,2,38,Colorado,NBA2k20,24.20866305705956
Jaren Jackson,82,#13,Memphis Grizzlies,F-C,1999-09-15,2.11,110.0,6699960,USA,2018,1,4,Michigan State,NBA2k20,24.70744143213315
Paul Millsap,82,#4,Denver Nuggets,F-C,1985-02-10,2.01,113.4,30350000,USA,2017,2,47,Louisiana Tech,NBA2k20,28.06861216306528
Marcus Smart,82,#36,Boston Celtics,G,1994-03-06,1.91,103.0,12553571,USA,2014,1,6,Oklahoma State,NBA2k20,28.23387516789562
Myles Turner,82,#33,Indiana Pacers,F-C,1996-03-24,2.11,108.4,18000000,USA,2015,1,11,Texas,NBA2k20,24.34806046584758
Serge Ibaka,81,#9,Toronto Raptors,F,1989-09-18,2.13,108.9,23271604,Spain,2008,1,24,missing_,NBA2k20,24.00317397341798
Zion Williamson,81,#1,New Orleans Pelicans,F,2000-07-06,1.98,128.8,9757440,USA,2019,1,1,Duke,NBA2k20,32.853790429548006
Rudy Gay,81,#22,San Antonio Spurs,F,1986-08-17,2.03,104.3,14500000,USA,2006,1,8,UConn,NBA2k20,25.310005095974187
Aaron Gordon,81,#0,Orlando Magic,F,1995-09-16,2.03,99.8,19863636,USA,2014,1,4,Arizona,NBA2k20,24.218010628746153
Brandon Ingram,81,#14,New Orleans Pelicans,F,1997-09-02,2.01,88.9,7265485,USA,2016,1,2,Duke,NBA2k20,22.00440583153883
DeAndre Jordan,81,#6,Brooklyn Nets,C,1988-07-21,2.11,120.2,9881598,USA,2008,2,35,Texas A&M,NBA2k20,26.998495092203683
Domantas Sabonis,81,#11,Indiana Pacers,F-C,1996-05-03,2.11,104.8,3529554,Lithuania,2016,1,11,Gonzaga,NBA2k20,23.53945329170504
Jonas Valanciunas,81,#17,Memphis Grizzlies,C,1992-05-06,2.11,104.8,16000000,Lithuania,2011,1,5,missing_,NBA2k20,23.53945329170504
Hassan Whiteside,81,#21,Portland Trail Blazers,C,1989-06-13,2.13,106.6,27093018,USA,2010,2,33,Marshall,NBA2k20,23.496219885825127
Derrick Rose,80,#25,Detroit Pistons,G,1988-10-04,1.88,86.2,7317074,USA,2008,1,1,Memphis,NBA2k20,24.38886373924853
Robert Covington,80,#33,Houston Rockets,F,1990-12-14,2.01,94.8,11301219,USA,2013,0,0,Tennessee State,NBA2k20,23.464765723620708
Derrick Favors,80,#22,New Orleans Pelicans,F,1991-07-15,2.06,111.6,17650000,USA,2010,1,3,Georgia Tech,NBA2k20,26.298425864831746
Gordon Hayward,80,#20,Boston Celtics,F,1990-03-23,2.01,93.9,32700690,USA,2010,1,9,Butler,NBA2k20,23.24199896042178
Reggie Jackson,80,#0,Los Angeles Clippers,G,1990-04-16,1.91,94.3,17799677,USA,2011,1,24,Boston College,NBA2k20,25.84907211973356
Enes Kanter,80,#11,Boston Celtics,C,1992-05-20,2.08,118.8,4767000,Turkey,2011,1,3,missing_,NBA2k20,27.459319526627215
Otto Porter,80,#22,Chicago Bulls,F,1993-06-03,2.03,89.8,27250576,USA,2013,1,2,Georgetown,NBA2k20,21.791356257128303
JJ Redick,80,#4,New Orleans Pelicans,G,1984-06-24,1.91,86.2,13486300,USA,2006,1,11,Duke,NBA2k20,23.628738247306817
Josh Richardson,80,#0,Philadelphia 76ers,G,1993-09-15,1.96,90.7,10116576,USA,2015,2,40,Tennessee,NBA2k20,23.60995418575594
TJ Warren,80,#1,Indiana Pacers,F,1993-09-05,2.03,99.8,11060000,USA,2014,1,14,NC State,NBA2k20,24.218010628746153
Ja Morant,79,#12,Memphis Grizzlies,G,1999-08-10,1.91,78.9,8730240,USA,2019,1,2,Murray State,NBA2k20,21.62769660919383
Bam Adebayo,79,#13,Miami Heat,F-C,1997-07-18,2.06,110.2,3454080,USA,2017,1,14,Kentucky,NBA2k20,25.968517296634936
Jarrett Allen,79,#31,Brooklyn Nets,C,1998-04-20,2.11,106.1,2376840,USA,2017,1,22,Texas,NBA2k20,23.831450326812067
Lonzo Ball,79,#2,New Orleans Pelicans,G,1997-10-27,1.98,86.2,8719320,USA,2017,1,2,UCLA,NBA2k20,21.987552290582595
Harrison Barnes,79,#40,Sacramento Kings,F,1992-05-30,2.03,95.3,24147727,USA,2012,1,7,North Carolina,NBA2k20,23.12601616151812
Patrick Beverley,79,#21,Los Angeles Clippers,G,1988-07-12,1.85,81.6,12345680,USA,2009,2,42,Arkansas,NBA2k20,23.842220598977352
Jaylen Brown,79,#7,Boston Celtics,F,1996-10-24,1.98,101.2,6534829,USA,2016,1,3,California,NBA2k20,25.813692480359148
Willie Cauley-Stein,79,#0,Dallas Mavericks,C,1993-08-18,2.13,109.8,2177483,USA,2015,1,6,Kentucky,NBA2k20,24.201547312041264
Goran Dragic,79,#7,Miami Heat,G,1986-05-06,1.91,86.2,19217900,Slovenia,2008,2,45,missing_,NBA2k20,23.628738247306817
Shai Gilgeous-Alexander,79,#2,Oklahoma City Thunder,G,1998-07-12,1.96,81.6,3952920,Canada,2018,1,11,Kentucky,NBA2k20,21.241149521032902
Gary Harris,79,#14,Denver Nuggets,G,1994-09-14,1.93,93.0,17839286,USA,2014,1,19,Michigan State,NBA2k20,24.967113211092915
Joe Ingles,79,#2,Utah Jazz,F,1987-10-02,2.01,94.8,11454546,Australia,2009,0,0,missing_,NBA2k20,23.464765723620708
Jeremy Lamb,79,#26,Indiana Pacers,G,1992-05-30,1.96,81.6,10500000,USA,2012,1,12,UConn,NBA2k20,21.241149521032902
Brook Lopez,79,#11,Milwaukee Bucks,C,1988-04-01,2.13,120.2,12093024,USA,2008,1,10,Stanford,NBA2k20,26.493861447243717
JaVale McGee,79,#7,Los Angeles Lakers,C,1988-01-19,2.13,122.5,4000000,USA,2008,1,18,Nevada,NBA2k20,27.000815534836565
Mitchell Robinson,79,#23,New York Knicks,C,1998-04-01,2.13,101.2,1559712,USA,2018,2,36,missing_,NBA2k20,22.305979854085393
Terrence Ross,79,#8,Orlando Magic,G,1991-02-05,1.98,93.4,12500000,USA,2012,1,8,Washington,NBA2k20,23.82409958167534
Tristan Thompson,79,#13,Cleveland Cavaliers,F,1991-03-13,2.06,102.1,18539130,Canada,2011,1,4,Texas,NBA2k20,24.05976058063908
PJ Tucker,79,#17,Houston Rockets,F,1985-05-05,1.96,102.1,8349039,USA,2006,2,35,Texas,NBA2k20,26.57746772178259
Fred VanVleet,79,#23,Toronto Raptors,G,1994-02-25,1.85,89.4,9346153,USA,2006,0,0,Wichita State,NBA2k20,26.12125639152666
Andrew Wiggins,79,#22,Golden State Warriors,F,1995-02-23,2.01,89.4,27504630,Canada,2014,1,1,Kansas,NBA2k20,22.128165144427125
Thaddeus Young,79,#21,Chicago Bulls,F,1988-06-21,2.03,99.8,12900000,USA,2007,1,12,Georgia Tech,NBA2k20,24.218010628746153
RJ Barrett,78,#9,New York Knicks,G,2000-06-14,1.98,91.6,7839960,Canada,2019,1,3,Duke,NBA2k20,23.364962758902152
Ricky Rubio,78,#11,Phoenix Suns,G,1990-10-21,1.91,81.6,16200000,Spain,2009,1,5,missing_,NBA2k20,22.36780790000274
Will Barton,78,#5,Denver Nuggets,G,1991-01-06,1.96,79.4,12776786,USA,2012,2,40,Memphis,NBA2k20,20.668471470220744
Bogdan Bogdanovic,78,#8,Sacramento Kings,G,1992-08-18,1.98,93.0,8529386,Serbia,2014,1,27,missing_,NBA2k20,23.72206917661463
Thomas Bryant,78,#13,Washington Wizards,F-C,1997-07-31,2.08,109.3,8000000,USA,2017,2,42,Indiana,NBA2k20,25.263498520710055
Wendell Carter,78,#34,Chicago Bulls,C,1999-04-16,2.06,117.5,5201400,USA,2018,1,7,Duke,NBA2k20,27.688754830804037
Jordan Clarkson,78,#8,Utah Jazz,G,1992-06-07,1.93,84.4,13437500,Philippines,2014,2,46,Missouri,NBA2k20,22.65832639802411
Evan Fournier,78,#10,Orlando Magic,G,1992-10-29,2.01,86.2,17150000,France,2012,1,20,missing_,NBA2k20,21.336105541942036
Eric Gordon,78,#10,Houston Rockets,G,1988-12-25,1.91,97.5,14057730,USA,2008,1,7,Indiana,NBA2k20,26.72624105698857
JaMychal Green,78,#4,Los Angeles Clippers,F,1990-06-21,2.03,99.8,4767000,USA,2012,0,0,Alabama,NBA2k20,24.218010628746153
Joe Harris,78,#12,Brooklyn Nets,G,1991-09-06,1.98,97.5,7666667,USA,2014,2,33,Virginia,NBA2k20,24.869911233547597
Andre Iguodala,78,#9,Miami Heat,G-F,1984-01-28,1.98,93.9,17185185,USA,2004,1,9,Arizona,NBA2k20,23.951637588001226
Caris LeVert,78,#22,Brooklyn Nets,G,1994-08-25,1.98,86.6,2625717,USA,2016,1,20,Michigan,NBA2k20,22.0895826956433
Marcus Morris,78,#0,Los Angeles Clippers,F,1989-09-02,2.03,106.6,15000000,USA,2011,1,14,Kansas,NBA2k20,25.86813560144629
Dejounte Murray,78,#5,San Antonio Spurs,G,1996-09-19,1.93,77.1,2321735,USA,2016,1,29,Washington,NBA2k20,20.69854224274477
Larry Nance Jr,78,#22,Cleveland Cavaliers,F,1993-01-01,2.01,103.0,12727273,USA,2015,1,27,Wyoming,NBA2k20,25.494418454988743
Kelly Olynyk,78,#9,Miami Heat,C,1991-04-19,2.11,106.1,12667885,Canada,2013,1,13,Gonzaga,NBA2k20,23.831450326812067
Kelly Oubre,78,#3,Phoenix Suns,F-G,1995-12-09,2.01,92.1,15625000,USA,2015,1,15,Kansas,NBA2k20,22.796465434023915
Jabari Parker,78,#0,Sacramento Kings,F,1995-03-15,2.03,106.6,6500000,USA,2014,1,2,Duke,NBA2k20,25.86813560144629
Bobby Portis,78,#1,New York Knicks,F-C,1995-02-10,2.08,111.6,15000000,USA,2015,1,22,Arkansas,NBA2k20,25.795118343195263
Terry Rozier,78,#3,Charlotte Hornets,G,1994-03-17,1.85,86.2,19894737,USA,2015,1,16,Louisville,NBA2k20,25.18626734842951
Dennis Schroeder,78,#17,Oklahoma City Thunder,G,1993-09-15,1.85,78.0,15500000,Germany,2013,1,17,missing_,NBA2k20,22.79035792549306
Jeff Teague,78,#0,Atlanta Hawks,G,1988-06-10,1.91,82.1,19000000,USA,2009,1,19,Wake Forest,NBA2k20,22.504865546448837
Derrick White,78,#4,San Antonio Spurs,G,1994-07-02,1.93,90.7,1948080,USA,2017,1,29,Colorado,NBA2k20,24.34964697038847
Justise Winslow,78,#0,Memphis Grizzlies,F,1996-03-26,1.98,100.7,13000000,USA,2015,1,10,Duke,NBA2k20,25.686154474033263
Darius Garland,77,#10,Cleveland Cavaliers,G,2000-06-26,1.85,79.4,6400920,USA,2019,1,5,Vanderbilt,NBA2k20,23.199415631848066
De'Andre Hunter,77,#12,Atlanta Hawks,F,1997-12-01,2.01,102.1,7068360,USA,2019,1,4,Virginia,NBA2k20,25.271651691789813
Al-Farouq Aminu,77,#2,Orlando Magic,F,1990-09-21,2.03,97.5,9258000,Nigeria,2010,1,8,Wake Forest,NBA2k20,23.65988012327405
Mo Bamba,77,#5,Orlando Magic,C,1998-05-12,2.13,102.1,5697600,USA,2018,1,6,Texas,NBA2k20,22.50435319270868
Nicolas Batum,77,#5,Charlotte Hornets,F-G,1988-12-14,2.06,95.3,25565217,France,2008,1,25,missing_,NBA2k20,22.457347535111698
Malik Beasley,77,#0,Minnesota Timberwolves,G,1996-11-26,1.93,89.8,2731713,USA,2016,1,19,Florida State,NBA2k20,24.108029745764988
Nemanja Bjelica,77,#88,Sacramento Kings,F-G,1988-05-09,2.08,101.6,6825000,Serbia,2010,2,35,missing_,NBA2k20,23.483727810650883
DeMarre Carroll,77,#0,Houston Rockets,F,1986-07-27,1.98,96.2,7339258,USA,2009,1,27,Missouri,NBA2k20,24.538312417100297
Ed Davis,77,#17,Utah Jazz,F,1989-06-05,2.06,97.5,4767000,USA,2010,1,13,North Carolina,NBA2k20,22.975775285135263
Taj Gibson,77,#67,New York Knicks,F,1985-06-24,2.06,102.1,9000000,USA,2009,1,26,USC,NBA2k20,24.05976058063908
Jerami Grant,77,#9,Denver Nuggets,F,1994-03-12,2.03,97.1,9346153,USA,2014,2,39,Syracuse,NBA2k20,23.56281394840933
Danny Green,77,#14,Los Angeles Lakers,G,1987-06-22,1.98,94.8,14634147,USA,2009,2,46,North Carolina,NBA2k20,24.181205999387817
Tim Hardaway Jr,77,#11,Dallas Mavericks,G,1992-03-16,1.96,90.3,20025127,USA,2013,1,24,Michigan,NBA2k20,23.505830903790088
Alex Len,77,#0,Sacramento Kings,C,1993-06-16,2.13,102.1,4160000,Ukraine,2013,1,5,Maryland,NBA2k20,22.50435319270868
Kevon Looney,77,#5,Golden State Warriors,F,1996-02-06,2.06,100.7,4464286,USA,2015,1,30,UCLA,NBA2k20,23.72985201244227
Monte Morris,77,#11,Denver Nuggets,G,1995-06-27,1.88,79.4,1588231,USA,2017,2,51,Iowa State,NBA2k20,22.464916251697606
Nerlens Noel,77,#9,Oklahoma City Thunder,F-C,1994-04-10,2.08,93.4,1882867,USA,2013,1,6,Kentucky,NBA2k20,21.588387573964496
Mason Plumlee,77,#24,Denver Nuggets,C-F,1990-03-05,2.11,108.0,14041096,USA,2013,1,22,Duke,NBA2k20,24.258215224276185
Jakob Poeltl,77,#25,San Antonio Spurs,C-F,1995-10-15,2.16,108.4,3754885,Austria,2016,1,9,Utah,NBA2k20,23.233882030178325
Dwight Powell,77,#7,Dallas Mavericks,F-C,1991-07-20,2.08,106.1,10259375,Canada,2014,2,45,Stanford,NBA2k20,24.523853550295854
Taurean Prince,77,#2,Brooklyn Nets,F,1994-03-22,2.01,99.8,3481985,USA,2016,1,12,Baylor,NBA2k20,24.702358852503657
Dario Saric,77,#20,Phoenix Suns,F,1994-04-08,2.08,98.0,3481985,Croatia,2014,1,12,missing_,NBA2k20,22.65162721893491
Collin Sexton,77,#2,Cleveland Cavaliers,G,1999-01-04,1.85,86.2,4764960,USA,2018,1,8,Alabama,NBA2k20,25.18626734842951
Dennis Smith,77,#5,New York Knicks,G,1997-11-25,1.88,88.5,4463640,USA,2017,1,9,NC State,NBA2k20,25.039610683567226
Cody Zeller,77,#40,Charlotte Hornets,C-F,1992-10-05,2.13,104.3,14471910,USA,2013,1,4,Indiana,NBA2k20,22.989265798232275
Ivica Zubac,77,#40,Los Angeles Clippers,C,1997-03-18,2.13,120.2,6481482,Croatia,2016,2,32,missing_,NBA2k20,26.493861447243717
Jarrett Culver,77,#23,Minnesota Timberwolves,G,1999-02-20,1.98,88.5,5813640,USA,2019,1,6,Texas Tech,NBA2k20,22.574227119681666
Willy Hernangomez,76,#9,Charlotte Hornets,C-F,1994-05-27,2.11,115.7,1676735,Spain,2015,2,35,missing_,NBA2k20,25.987736124525508
Trevor Ariza,76,#0,Portland Trail Blazers,F-G,1985-06-30,2.03,95.3,12200000,USA,2004,2,43,UCLA,NBA2k20,23.12601616151812
DJ Augustin,76,#14,Orlando Magic,G,1987-11-10,1.8,81.6,7250000,USA,2008,1,9,Texas,NBA2k20,25.185185185185183
Jose Juan Barea,76,#5,Dallas Mavericks,G,1984-06-26,1.78,79.4,2564753,Puerto Rico,2006,0,0,Northeastern,NBA2k20,25.059967175861633
Michael Beasley,76,#0,missing_,F,1989-01-09,2.08,106.6,3500000,USA,2008,1,2,Kansas State,NBA2k20,24.639423076923073
Davis Bertans,76,#42,Washington Wizards,F,1992-11-12,2.08,95.7,7000000,Latvia,2011,2,42,missing_,NBA2k20,22.1200073964497
Avery Bradley,76,#11,Los Angeles Lakers,G,1990-11-26,1.91,88.5,6767000,USA,2010,1,19,Texas,NBA2k20,24.259203420958855
Miles Bridges,76,#0,Charlotte Hornets,F,1998-03-21,1.98,102.1,3755400,USA,2018,1,12,Michigan State,NBA2k20,26.04326089174574
Jalen Brunson,76,#13,Dallas Mavericks,G,1996-08-31,1.85,86.2,1416852,USA,2018,2,33,Villanova,NBA2k20,25.18626734842951
Kentavious Caldwell-Pope,76,#1,Los Angeles Lakers,G,1993-02-18,1.96,92.5,8089282,USA,2013,1,8,Georgia,NBA2k20,24.078508954602253
Jae Crowder,76,#99,Miami Heat,F,1990-07-06,1.98,106.6,7815533,USA,2012,2,34,Marquette,NBA2k20,27.191102948678704
Dewayne Dedmon,76,#0,Atlanta Hawks,C,1989-08-12,2.13,108.4,13333334,USA,2013,0,0,USC,NBA2k20,23.892966563071706
Gorgui Dieng,76,#0,Memphis Grizzlies,C,1990-01-18,2.08,104.3,16229213,Senegal,2013,1,21,Louisville,NBA2k20,24.107803254437865
Gerald Green,76,#0,missing_,F-G,1986-01-26,1.98,87.1,2564753,USA,2005,1,18,missing_,NBA2k20,22.217120701969186
Jeff Green,76,#34,Houston Rockets,F,1986-08-28,2.03,106.6,3405180,USA,2007,1,5,Georgetown,NBA2k20,25.86813560144629
Rodney Hood,76,#5,Portland Trail Blazers,F,1992-10-20,2.03,94.3,5718000,USA,2014,1,23,Duke,NBA2k20,22.883350724356337
Kevin Huerter,76,#3,Atlanta Hawks,G,1998-08-27,2.01,86.2,2636280,USA,2018,1,19,Maryland,NBA2k20,21.336105541942036
Ersan Ilyasova,76,#7,Milwaukee Bucks,F,1987-05-15,2.06,106.6,7000000,Turkey,2005,2,36,missing_,NBA2k20,25.120180978414552
Jonathan Isaac,76,#1,Orlando Magic,F,1997-10-03,2.11,93.0,5806440,USA,2017,1,6,Florida State,NBA2k20,20.88901866534894
Josh Jackson,76,#20,Memphis Grizzlies,F,1997-02-10,2.03,92.1,7059480,USA,2017,1,4,Kansas,NBA2k20,22.349486762600407
Frank Kaminsky,76,#8,Phoenix Suns,F-C,1993-04-04,2.13,104.8,4767000,USA,2015,1,9,Wisconsin,NBA2k20,23.099473208578548
Michael Kidd-Gilchrist,76,#0,Dallas Mavericks,F,1993-09-26,1.98,105.2,12784359,USA,2012,1,2,Kentucky,NBA2k20,26.83399653096623
Kevin Knox,76,#20,New York Knicks,F,1999-08-11,2.01,97.5,4380120,USA,2018,1,9,Kentucky,NBA2k20,24.1330660132175
Meyers Leonard,76,#0,Miami Heat,C,1992-02-27,2.13,111.1,11286515,USA,2012,1,11,Illinois,NBA2k20,24.48808657894157
Wesley Matthews,76,#9,Milwaukee Bucks,G,1986-10-14,1.93,99.8,2564753,USA,2009,0,0,Marquette,NBA2k20,26.792665574914764
Emmanuel Mudiay,76,#8,Utah Jazz,G,1996-03-05,1.91,86.2,1737145,Democratic Republic of the Congo,2015,1,7,missing_,NBA2k20,23.628738247306817
Jahlil Okafor,76,#8,New Orleans Pelicans,C,1995-12-15,2.08,122.5,1702486,USA,2015,1,3,Duke,NBA2k20,28.314534023668635
Elfrid Payton,76,#6,New York Knicks,G,1994-02-22,1.91,83.9,8000000,USA,2014,1,10,Louisiana,NBA2k20,22.998273073654783
Michael Porter,76,#1,Denver Nuggets,F,1998-06-29,2.08,97.5,3389400,USA,2018,1,14,Missouri,NBA2k20,22.53605769230769
Austin Rivers,76,#25,Houston Rockets,G,1992-08-01,1.91,90.7,2174310,USA,2012,1,10,Duke,NBA2k20,24.862257065321675
Andre Roberson,76,#21,Oklahoma City Thunder,G-F,1991-12-04,2.01,93.4,10740740,USA,2013,1,26,Colorado,NBA2k20,23.118239647533485
Rajon Rondo,76,#9,Los Angeles Lakers,G,1986-02-22,1.85,84.4,2564753,USA,2006,1,21,Kentucky,NBA2k20,24.660336011687363
Landry Shamet,76,#20,Los Angeles Clippers,G,1997-03-13,1.93,81.6,1995120,USA,2018,1,26,Wichita State,NBA2k20,21.90662836586217
Daniel Theis,76,#27,Boston Celtics,C,1992-04-04,2.03,97.5,5000000,Germany,2013,0,0,missing_,NBA2k20,23.65988012327405
Isaiah Thomas,76,#0,missing_,G,1989-02-07,1.75,83.9,2320044,USA,2011,2,60,Washington,NBA2k20,27.39591836734694
Dion Waiters,76,#11,Los Angeles Lakers,G,1991-12-10,1.91,95.3,12475385,USA,2012,1,4,Syracuse,NBA2k20,26.12318741262575
Marvin Williams,76,#2,Milwaukee Bucks,F,1986-06-19,2.03,108.9,14654179,USA,2005,1,2,North Carolina,NBA2k20,26.4262661069184
Delon Wright,76,#55,Dallas Mavericks,G,1992-04-26,1.96,82.1,9473684,USA,2015,1,20,Utah,NBA2k20,21.371303623490213
Coby White,76,#0,Chicago Bulls,G,2000-02-16,1.93,83.9,5307120,USA,2019,1,7,North Carolina,NBA2k20,22.52409460656662
Pau Gasol,75,#0,missing_,C,1980-07-06,2.16,113.4,5538540,Spain,2001,1,3,missing_,NBA2k20,24.305555555555554
Aron Baynes,75,#46,Phoenix Suns,C,1986-12-09,2.08,117.9,5453280,Australia,2009,0,0,Washington State,NBA2k20,27.251294378698223
Kent Bazemore,75,#26,Sacramento Kings,G,1989-07-01,1.93,88.5,19269663,USA,2012,0,0,Old Dominion,NBA2k20,23.759027087975518
Marco Belinelli,75,#18,San Antonio Spurs,G,1986-03-25,1.96,90.7,5846154,Italy,2007,1,18,missing_,NBA2k20,23.60995418575594
Bismack Biyombo,75,#8,Charlotte Hornets,C,1992-08-28,2.03,103.9,17000000,Democratic Republic of the Congo,2011,1,7,missing_,NBA2k20,25.212938921109476
Mikal Bridges,75,#25,Phoenix Suns,F-G,1996-08-30,1.98,94.8,4161000,USA,2018,1,10,Villanova,NBA2k20,24.181205999387817
Wilson Chandler,75,#21,Brooklyn Nets,F-G,1987-05-10,2.03,102.1,2564753,USA,2007,1,23,DePaul,NBA2k20,24.776141134218257
Damyean Dotson,75,#21,New York Knicks,G,1994-05-06,1.96,91.6,1618520,USA,2017,2,44,Houston,NBA2k20,23.844231570179094
Kris Dunn,75,#32,Chicago Bulls,G,1994-03-18,1.91,93.0,5348007,USA,2016,1,5,Providence,NBA2k20,25.492722238973712
Wayne Ellington,75,#2,New York Knicks,G,1987-11-29,1.93,90.7,8000000,USA,2009,1,28,North Carolina,NBA2k20,24.34964697038847
Bryn Forbes,75,#11,San Antonio Spurs,G,1993-07-23,1.88,84.8,2875000,USA,2016,0,0,Michigan State,NBA2k20,23.99275690357628
Josh Hart,75,#3,New Orleans Pelicans,G,1995-03-06,1.96,92.5,1934160,USA,2017,1,30,Villanova,NBA2k20,24.078508954602253
John Henson,75,#31,Detroit Pistons,F,1990-12-28,2.06,99.8,9732396,USA,2012,1,14,North Carolina,NBA2k20,23.51776793288717
Mario Hezonja,75,#44,Portland Trail Blazers,F-G,1995-02-25,2.03,91.2,1737145,Croatia,2015,1,5,missing_,NBA2k20,22.131087869154804
George Hill,75,#3,Milwaukee Bucks,G,1986-05-04,1.91,81.6,10133907,USA,2008,1,26,IUPUI,NBA2k20,22.36780790000274
Rondae Hollis-Jefferson,75,#4,Toronto Raptors,F,1995-01-03,1.98,95.7,2500000,USA,2015,1,23,Arizona,NBA2k20,24.410774410774412
Richaun Holmes,75,#22,Sacramento Kings,F,1993-10-15,2.08,110.2,4767000,USA,2015,2,37,Bowling Green,NBA2k20,25.47152366863905
James Johnson,75,#0,Minnesota Timberwolves,F,1987-02-20,2.01,111.1,15349400,USA,2009,1,16,Wake Forest,NBA2k20,27.49931932377912
Luke Kennard,75,#5,Detroit Pistons,G,1996-06-24,1.96,88.9,3827160,USA,2017,1,12,Duke,NBA2k20,23.141399416909625
Kyle Korver,75,#26,Milwaukee Bucks,F,1981-03-17,2.01,96.2,6004753,USA,2003,2,51,Creighton,NBA2k20,23.811291799707934
Rodions Kurucs,75,#0,Brooklyn Nets,F,1998-02-05,2.06,97.5,1699236,Latvia,2018,2,40,missing_,NBA2k20,22.975775285135263
Jake Layman,75,#10,Minnesota Timberwolves,F,1994-03-07,2.03,94.8,3581986,USA,2016,2,47,Maryland,NBA2k20,23.004683442937228
Robin Lopez,75,#42,Milwaukee Bucks,C,1988-04-01,2.13,115.7,4767000,USA,2008,1,15,Stanford,NBA2k20,25.50199475412727
Trey Lyles,75,#41,San Antonio Spurs,F,1995-11-05,2.06,109.3,5500000,Canada,2015,1,12,Kentucky,NBA2k20,25.756433217079838
Boban Marjanovic,75,#51,Dallas Mavericks,C,1988-08-15,2.24,131.5,3500000,Serbia,2010,0,0,missing_,NBA2k20,26.207748724489793
TJ McConnell,75,#9,Indiana Pacers,G,1992-03-25,1.85,90.7,3500000,USA,2015,0,0,Arizona,NBA2k20,26.501095690284878
Patrick Mills,75,#8,San Antonio Spurs,G,1988-08-11,1.85,83.9,12678571,Australia,2009,2,55,Saint Mary's,NBA2k20,24.514243973703433
Malik Monk,75,#1,Charlotte Hornets,G,1998-02-04,1.91,89.4,4028400,USA,2017,1,11,Kentucky,NBA2k20,24.505907184561828
Markieff Morris,75,#88,Los Angeles Lakers,F,1989-09-02,2.03,111.1,3709887,USA,2011,1,13,Kansas,NBA2k20,26.960130068674324
Shabazz Napier,75,#0,Washington Wizards,G,1991-07-14,1.83,79.4,1845301,USA,2014,1,24,UConn,NBA2k20,23.70927767326585
Cedi Osman,75,#16,Cleveland Cavaliers,F-G,1995-04-08,2.01,97.5,2907143,Turkey,2015,2,31,missing_,NBA2k20,24.1330660132175
Tomas Satoransky,75,#31,Chicago Bulls,G,1991-10-30,2.01,89.8,10000000,Czech,2012,2,32,missing_,NBA2k20,22.22717259473776
Mike Scott,75,#1,Philadelphia 76ers,F,1988-07-16,2.01,107.5,4767000,USA,2012,2,43,Virginia,NBA2k20,26.6082522709834
Noah Vonleh,75,#0,Denver Nuggets,F,1995-08-24,2.08,112.0,2000000,USA,2014,1,9,Indiana,NBA2k20,25.88757396449704
Allonzo Trier,75,#0,missing_,G-F,1996-01-17,1.93,90.7,3551100,USA,2018,0,0,Arizona,NBA2k20,24.34964697038847
Juan Hernangomez,74,#41,Minnesota Timberwolves,F,1995-09-28,2.06,99.8,3321029,Spain,2016,1,15,missing_,NBA2k20,23.51776793288717
Kyle Anderson,74,#1,Memphis Grizzlies,F,1993-09-20,2.06,104.3,9073050,USA,2014,1,30,UCLA,NBA2k20,24.578188330662645
Jordan Bell,74,#0,Cleveland Cavaliers,F-C,1995-01-07,2.03,101.6,1870564,USA,2017,2,38,Oregon,NBA2k20,24.654808415637365
Khem Birch,74,#24,Orlando Magic,C,1992-09-28,2.06,94.8,3000000,Canada,2014,0,0,UNLV,NBA2k20,22.339523046469978
Dillon Brooks,74,#24,Memphis Grizzlies,G-F,1996-01-22,2.01,102.1,1618520,Canada,2017,2,45,Oregon,NBA2k20,25.271651691789813
Reggie Bullock,74,#25,New York Knicks,G,1991-03-16,1.98,90.7,4000000,USA,2013,1,25,North Carolina,NBA2k20,23.13539434751556
Zach Collins,74,#33,Portland Trail Blazers,C,1997-11-17,2.11,105.2,4240200,USA,2017,1,10,Gonzaga,NBA2k20,23.629298533276433
Pat Connaughton,74,#24,Milwaukee Bucks,G,1993-01-06,1.96,97.5,1723050,USA,2015,2,41,Notre Dame,NBA2k20,25.380049979175347
Quinn Cook,74,#2,Los Angeles Lakers,G,1993-03-23,1.85,81.6,3000000,USA,2015,0,0,Duke,NBA2k20,23.842220598977352
Torrey Craig,74,#3,Denver Nuggets,G,1990-12-19,2.01,97.5,2000000,USA,2014,0,0,USC Upstate,NBA2k20,24.1330660132175
Seth Curry,74,#30,Dallas Mavericks,G,1990-08-23,1.88,81.6,7461380,USA,2013,0,0,Duke,NBA2k20,23.087369850611136
Cheick Diallo,74,#14,Phoenix Suns,F-C,1996-09-13,2.03,99.3,1678854,Mali,2016,2,33,Kansas,NBA2k20,24.096677910165262
Yogi Ferrell,74,#3,Sacramento Kings,G,1993-05-09,1.83,80.7,3150000,USA,2016,0,0,Indiana,NBA2k20,24.097464839200928
Markelle Fultz,74,#20,Orlando Magic,G,1998-05-29,1.91,88.5,9745200,USA,2017,1,1,Washington,NBA2k20,24.259203420958855
Harry Giles,74,#20,Sacramento Kings,F-C,1998-04-22,2.11,105.2,2578800,USA,2017,1,20,Duke,NBA2k20,23.629298533276433
Moe Harkless,74,#0,New York Knicks,F,1993-05-11,2.01,94.3,11011234,USA,2012,1,15,St. John's,NBA2k20,23.341006410732412
Justin Jackson,74,#44,Dallas Mavericks,F-G,1995-03-28,2.01,91.2,3280920,USA,2017,1,15,North Carolina,NBA2k20,22.573698670824985
Tyler Johnson,74,#0,Brooklyn Nets,G,1992-05-07,1.91,84.4,19428485,USA,2014,0,0,Fresno State,NBA2k20,23.135330720100878
Derrick Jones,74,#5,Miami Heat,F,1997-02-15,1.98,88.5,1645357,USA,2016,0,0,UNLV,NBA2k20,22.574227119681666
Cory Joseph,74,#9,Sacramento Kings,G,1991-08-20,1.91,83.9,12000000,Canada,2011,1,29,Texas,NBA2k20,22.998273073654783
Maxi Kleber,74,#42,Dallas Mavericks,F-C,1992-01-29,2.08,95.7,8000000,Germany,2014,0,0,missing_,NBA2k20,22.1200073964497
TJ Leaf,74,#22,Indiana Pacers,F-C,1997-04-30,2.08,100.7,2813280,Israel,2017,1,18,UCLA,NBA2k20,23.27570266272189
Doug McDermott,74,#20,Indiana Pacers,F,1992-01-03,2.01,98.9,7333333,USA,2014,1,11,Creighton,NBA2k20,24.479592089304727
E'Twaun Moore,74,#55,New Orleans Pelicans,G,1989-02-25,1.91,86.6,8664928,USA,2011,2,55,Purdue,NBA2k20,23.73838436446369
Joakim Noah,74,#0,Los Angeles Clippers,C,1985-02-25,2.11,103.0,6813026,USA,2007,1,9,Florida,NBA2k20,23.13514970463377
Kyle O'Quinn,74,#9,Philadelphia 76ers,F-C,1990-03-26,2.06,108.9,2174318,USA,2012,2,49,Norfolk State,NBA2k20,25.662173626166464
Chandler Parsons,74,#0,missing_,F,1988-10-25,2.06,90.7,25102512,USA,2011,2,38,Florida,NBA2k20,21.373362239607882
Norman Powell,74,#24,Toronto Raptors,G,1993-05-25,1.91,97.5,10116576,USA,2015,2,46,UCLA,NBA2k20,26.72624105698857
Ivan Rabb,74,#0,missing_,F-C,1997-02-04,2.08,99.8,451326,USA,2017,2,35,California,NBA2k20,23.067677514792898
Glenn Robinson III,74,#22,Golden State Warriors,F,1994-01-08,1.98,95.7,1882867,USA,2014,2,40,Michigan,NBA2k20,24.410774410774412
Denzel Valentine,74,#45,Chicago Bulls,G,1993-11-16,1.93,95.3,3377568,USA,2016,1,14,Michigan State,NBA2k20,25.584579451797364
Robert Williams,74,#44,Boston Celtics,F-C,1997-10-17,2.03,107.5,1937520,USA,2018,1,27,Texas A&M,NBA2k20,26.0865344948919
Christian Wood,74,#35,Detroit Pistons,F,1995-09-27,2.08,98.0,1645357,USA,2015,0,0,UNLV,NBA2k20,22.65162721893491
Jaxson Hayes,74,#10,New Orleans Pelicans,F-C,2000-05-23,2.11,99.8,4862040,USA,2019,1,8,Texas,NBA2k20,22.416387772062624
Rui Hachimura,74,#8,Washington Wizards,F,1998-02-08,2.03,102.1,4469160,Japan,2019,1,9,Gonzaga,NBA2k20,24.776141134218257
OG Anunoby,73,#3,Toronto Raptors,F-G,1997-07-17,2.01,105.2,2281800,United Kingdom,2017,1,23,Indiana,NBA2k20,26.038959431697243
Dwayne Bacon,73,#7,Charlotte Hornets,G,1995-08-30,1.98,99.8,1618520,USA,2017,2,40,Florida State,NBA2k20,25.456586062646668
DeAndre Bembry,73,#95,Atlanta Hawks,F,1994-07-04,1.96,93.9,2603981,USA,2016,1,21,Saint Joseph's,NBA2k20,24.44294044148272
Jonah Bolden,73,#0,Phoenix Suns,F,1996-01-02,2.03,97.5,1788296,Australia,2017,2,36,UCLA,NBA2k20,23.65988012327405
Sterling Brown,73,#23,Milwaukee Bucks,G,1995-02-10,1.96,104.3,1618520,USA,2017,2,46,SMU,NBA2k20,27.150145772594755
Bruce Brown,73,#6,Detroit Pistons,G,1996-08-15,1.93,86.2,1416852,USA,2018,2,42,Miami (Florida),NBA2k20,23.14156084727107
Troy Brown,73,#6,Washington Wizards,F-G,1999-07-28,1.98,97.5,3219480,USA,2018,1,15,Oregon,NBA2k20,24.869911233547597
Alec Burks,73,#0,Philadelphia 76ers,G,1991-07-20,1.98,88.5,2320044,USA,2011,1,12,Colorado,NBA2k20,22.574227119681666
Alex Caruso,73,#4,Los Angeles Lakers,G,1994-02-28,1.96,84.4,2750000,USA,2016,0,0,Texas A&M,NBA2k20,21.97001249479384
Tyson Chandler,73,#19,Houston Rockets,C,1982-10-02,2.13,106.6,2564753,USA,2001,1,2,missing_,NBA2k20,23.496219885825127
Allen Crabbe,73,#0,missing_,G-F,1992-04-09,1.96,89.4,17818456,USA,2013,2,31,California,NBA2k20,23.271553519366933
Matthew Dellavedova,73,#18,Cleveland Cavaliers,G,1990-09-08,1.91,86.2,9607500,Australia,2013,0,0,Saint Mary's,NBA2k20,23.628738247306817
James Ennis,73,#0,Orlando Magic,F,1990-07-01,1.98,91.2,1882867,USA,2013,2,50,Long Beach State,NBA2k20,23.262932353841446
Dorian Finney-Smith,73,#10,Dallas Mavericks,F,1993-05-04,2.01,96.6,4000000,USA,2016,0,0,Florida,NBA2k20,23.910299250018568
Shaquille Harrison,73,#3,Chicago Bulls,G,1993-10-06,2.01,86.2,1620564,USA,2016,0,0,Tulsa,NBA2k20,21.336105541942036
Aaron Holiday,73,#3,Indiana Pacers,G,1996-09-30,1.83,83.9,2239200,USA,2018,1,23,UCLA,NBA2k20,25.05300247842575
Danuel House,73,#4,Houston Rockets,F,1993-06-07,1.98,99.8,3540000,USA,2016,0,0,Texas A&M,NBA2k20,25.456586062646668
Stanley Johnson,73,#5,Toronto Raptors,F,1996-05-29,1.98,109.8,3623000,USA,2015,1,8,Arizona,NBA2k20,28.00734618916437
Tyus Jones,73,#21,Memphis Grizzlies,G,1996-05-10,1.83,83.9,10116000,USA,2015,1,24,Duke,NBA2k20,25.05300247842575
Furkan Korkmaz,73,#30,Philadelphia 76ers,F,1997-06-27,2.01,83.9,1620564,Turkey,2016,1,26,missing_,NBA2k20,20.766812702655884
Ian Mahinmi,73,#28,Washington Wizards,C,1986-11-05,2.11,104.3,15450051,France,2005,1,28,missing_,NBA2k20,23.4271467397408
CJ Miles,73,#0,missing_,G-F,1987-03-18,1.98,105.2,8730158,USA,2005,2,34,missing_,NBA2k20,26.83399653096623
Mike Muscala,73,#33,Oklahoma City Thunder,F-C,1991-07-01,2.08,104.3,2028594,USA,2013,2,44,Bucknell,NBA2k20,24.107803254437865
Frank Ntilikina,73,#11,New York Knicks,G,1998-07-28,1.93,86.2,4855800,France,2017,1,8,missing_,NBA2k20,23.14156084727107
David Nwaba,73,#0,Houston Rockets,G,1993-01-14,1.96,95.3,2581965,USA,2016,0,0,Cal Poly,NBA2k20,24.80737192836318
Royce O'Neale,73,#23,Utah Jazz,F,1993-06-05,1.93,102.5,1618520,USA,2015,0,0,Baylor,NBA2k20,27.517517248785204
Semi Ojeleye,73,#37,Boston Celtics,F,1994-12-05,1.98,106.6,1618520,USA,2017,2,37,SMU,NBA2k20,27.191102948678704
Josh Okogie,73,#20,Minnesota Timberwolves,G,1998-09-01,1.93,96.6,2530680,Nigeria,2018,1,20,Georgia Tech,NBA2k20,25.933582109586833
Jonathon Simmons,73,#0,missing_,G-F,1989-09-14,1.98,88.5,1000000,USA,2012,0,0,Houston,NBA2k20,22.574227119681666
Ishmael Smith,73,#14,Washington Wizards,G,1988-07-05,1.83,79.4,6000000,USA,2010,0,0,Wake Forest,NBA2k20,23.70927767326585
Tony Snell,73,#17,Detroit Pistons,F,1991-11-10,1.98,89.8,11392857,USA,2013,1,20,New Mexico,NBA2k20,22.905825936128966
Omari Spellman,73,#0,Minnesota Timberwolves,F,1997-07-21,2.03,111.1,1897800,USA,2018,1,30,Villanova,NBA2k20,26.960130068674324
Garrett Temple,73,#17,Brooklyn Nets,G-F,1986-05-08,1.96,88.5,4767000,USA,2009,0,0,LSU,NBA2k20,23.037276134943774
Evan Turner,73,#1,Minnesota Timberwolves,G-F,1988-10-27,1.98,93.0,18606556,USA,2010,1,2,Ohio State,NBA2k20,23.72206917661463
Lonnie Walker,73,#1,San Antonio Spurs,G,1998-12-14,1.96,92.5,2764200,USA,2018,1,18,Miami (Florida),NBA2k20,24.078508954602253
Brad Wanamaker,73,#9,Boston Celtics,G,1989-07-25,1.91,95.3,1445697,USA,2011,0,0,Pittsburgh,NBA2k20,26.12318741262575
Ante Zizic,73,#41,Cleveland Cavaliers,C,1997-01-04,2.08,113.4,2281800,Croatia,2016,1,23,missing_,NBA2k20,26.211168639053252
Tyler Herro,73,#14,Miami Heat,G,2000-01-20,1.96,88.5,3640200,USA,2019,1,13,Kentucky,NBA2k20,23.037276134943774
Vincent Poirier,73,#77,Boston Celtics,C,1993-10-17,2.13,106.6,2505793,France,2015,0,0,missing_,NBA2k20,23.496219885825127
Sekou Doumbouya,73,#45,Detroit Pistons,F,2000-12-23,2.03,94.8,3285120,France,2019,1,15,missing_,NBA2k20,23.004683442937228
Brandon Clarke,73,#15,Memphis Grizzlies,F,1996-09-19,2.03,97.5,2478840,Canada,2019,1,21,Gonzaga,NBA2k20,23.65988012327405
Nicolo Melli,73,#20,New Orleans Pelicans,F,1991-01-26,2.06,107.0,4102564,Italy,2013,0,0,missing_,NBA2k20,25.21444056932793
Nassir Little,73,#9,Portland Trail Blazers,F,2000-02-11,1.96,99.8,2105520,USA,2019,1,25,North Carolina,NBA2k20,25.978758850478968
Grayson Allen,72,#3,Memphis Grizzlies,G,1995-10-08,1.93,93.0,2429400,USA,2018,1,21,Duke,NBA2k20,24.967113211092915
Antonio Blakeney,72,#0,missing_,G-F,1996-10-04,1.93,89.4,1488231,USA,2017,0,0,LSU,NBA2k20,24.000644312598997
Michael Carter-Williams,72,#7,Orlando Magic,G,1991-10-10,1.96,83.5,2028594,USA,2013,1,11,Syracuse,NBA2k20,21.73573511037068
Troy Daniels,72,#30,Denver Nuggets,G,1991-07-15,1.93,90.7,2487033,USA,2013,0,0,VCU,NBA2k20,24.34964697038847
Donte DiVincenzo,72,#0,Milwaukee Bucks,G,1997-01-31,1.93,93.0,2905800,USA,2018,1,17,Villanova,NBA2k20,24.967113211092915
Jared Dudley,72,#10,Los Angeles Lakers,F,1985-07-10,1.98,102.1,2564753,USA,2007,1,22,Boston College,NBA2k20,26.04326089174574
Cristiano Felicio,72,#6,Chicago Bulls,F,1992-07-07,2.08,122.5,8156500,Brazil,2014,0,0,missing_,NBA2k20,28.314534023668635
Tim Frazier,72,#0,missing_,G,1990-11-01,1.83,77.1,1620564,USA,2014,0,0,Penn State,NBA2k20,23.022484995073004
Langston Galloway,72,#9,Detroit Pistons,G,1991-12-09,1.85,91.6,7333333,USA,2014,0,0,Saint Joseph's,NBA2k20,26.764061358655947
Justin Holiday,72,#8,Indiana Pacers,G,1989-04-05,1.98,81.6,4767000,USA,2011,0,0,Washington,NBA2k20,20.81420263238445
Chandler Hutchison,72,#15,Chicago Bulls,F,1996-04-26,2.01,88.9,2332320,USA,2018,1,22,Boise State,NBA2k20,22.00440583153883
Wesley Iwundu,72,#25,Orlando Magic,F,1994-12-20,1.98,93.0,1618520,USA,2017,2,33,Kansas State,NBA2k20,23.72206917661463
Brandon Knight,72,#0,Detroit Pistons,G,1991-12-02,1.88,85.7,15643750,USA,2011,1,8,Kentucky,NBA2k20,24.247397012222727
Courtney Lee,72,#1,Dallas Mavericks,G-F,1985-10-03,1.96,90.7,12759670,USA,2008,1,22,Western Kentucky,NBA2k20,23.60995418575594
Thon Maker,72,#7,Detroit Pistons,F-C,1997-02-25,2.13,98.0,3569643,Australia,2016,1,10,missing_,NBA2k20,21.600652427869253
Patrick McCaw,72,#22,Toronto Raptors,G,1995-10-25,2.01,82.1,4000000,USA,2016,2,38,UNLV,NBA2k20,20.321279176258017
Rodney McGruder,72,#19,Los Angeles Clippers,G,1991-07-29,1.93,93.0,4807693,USA,2013,0,0,Kansas State,NBA2k20,24.967113211092915
Darius Miller,72,#21,New Orleans Pelicans,F,1990-03-21,1.98,102.1,7250000,USA,2012,2,46,Kentucky,NBA2k20,26.04326089174574
Raul Neto,72,#19,Philadelphia 76ers,G,1992-05-19,1.85,77.1,1737145,Brazil,2013,2,47,missing_,NBA2k20,22.52739225712198
Georges Niang,72,#31,Utah Jazz,F,1993-06-17,2.01,104.3,1645357,USA,2016,2,50,Iowa State,NBA2k20,25.81619266849831
Cameron Payne,72,#0,Phoenix Suns,G,1994-08-08,1.88,81.6,346288,USA,2015,1,14,Murray State,NBA2k20,23.087369850611136
Anfernee Simons,72,#1,Portland Trail Blazers,G,1999-06-08,1.91,82.1,2149560,USA,2018,1,24,missing_,NBA2k20,22.504865546448837
Zhaire Smith,72,#8,Philadelphia 76ers,G-F,1999-06-04,1.91,93.0,3058800,USA,2018,1,16,Texas Tech,NBA2k20,25.492722238973712
Anthony Tolliver,72,#0,Memphis Grizzlies,F,1985-06-01,2.03,108.9,2854556,USA,2007,0,0,Creighton,NBA2k20,26.4262661069184
DJ Wilson,72,#5,Milwaukee Bucks,F,1996-02-19,2.08,106.1,2961120,USA,2017,1,17,Michigan,NBA2k20,24.523853550295854
Alfonzo McKinnie,72,#0,Cleveland Cavaliers,F,1992-09-17,2.03,97.5,2391985,USA,2015,0,0,Green Bay,NBA2k20,23.65988012327405
Romeo Langford,72,#45,Boston Celtics,G,1999-10-25,1.93,98.0,3458400,USA,2019,1,14,Indiana,NBA2k20,26.309431125667803
Grant Williams,72,#12,Boston Celtics,F,1998-11-30,1.98,107.0,2379840,USA,2019,1,22,Tennessee,NBA2k20,27.293133353739414
Nicolas Claxton,72,#0,Brooklyn Nets,C,1990-04-17,2.11,97.5,898310,USA,2019,2,31,Georgia,NBA2k20,21.899777633027114
PJ Washington,72,#25,Charlotte Hornets,F,1998-08-23,2.01,102.1,3831840,USA,2019,1,12,Kentucky,NBA2k20,25.271651691789813
Ryan Arcidiacono,72,#51,Chicago Bulls,G,1994-03-26,1.91,88.5,3000000,Italy,2016,0,0,Villanova,NBA2k20,24.259203420958855
Kevin Porter,72,#4,Cleveland Cavaliers,G-F,2000-05-04,1.93,98.9,1290960,USA,2019,1,30,USC,NBA2k20,26.551048350291286
Ryan Broekhoff,72,#0,Philadelphia 76ers,F,1990-08-23,1.98,97.5,2833704,Australia,2013,0,0,Valparaiso,NBA2k20,24.869911233547597
Goga Bitadze,72,#88,Indiana Pacers,C,1999-07-20,2.11,113.4,2816760,Georgia,2019,1,18,missing_,NBA2k20,25.471125985489998
De'Anthony Melton,72,#0,Memphis Grizzlies,G,1998-05-28,1.88,86.2,1416852,USA,2018,2,46,USC,NBA2k20,24.38886373924853
Kenrich Williams,72,#34,New Orleans Pelicans,G-F,1994-12-02,1.98,95.3,1416852,USA,2018,0,0,TCU,NBA2k20,24.308744005713702
Nickeil Alexander-Walker,72,#0,New Orleans Pelicans,G,1998-09-02,1.96,93.0,2964840,Canada,2019,1,17,Virginia Tech,NBA2k20,24.20866305705956
Chuma Okeke,72,#3,missing_,F-C,1998-08-18,2.03,104.0,2773550,USA,2019,1,16,Auburn,NBA2k20,25.237205464825653
Matisse Thybulle,72,#22,Philadelphia 76ers,G-F,1997-03-04,1.96,91.2,2582160,USA,2019,1,20,Washington,NBA2k20,23.740108288213246
Cameron Johnson,72,#23,Phoenix Suns,F,1996-03-03,2.03,95.3,4033440,USA,2019,1,11,North Carolina,NBA2k20,23.12601616151812
Ty Jerome,72,#10,Phoenix Suns,G,1997-07-08,1.96,88.5,2193480,USA,2019,1,24,Virginia,NBA2k20,23.037276134943774
Luka Samanic,72,#19,San Antonio Spurs,F,2000-01-09,2.08,94.8,2689920,Croatia,2019,1,19,missing_,NBA2k20,21.911982248520708
Keldon Johnson,72,#3,San Antonio Spurs,F,1999-10-11,1.96,95.7,1950600,USA,2019,1,29,Kentucky,NBA2k20,24.911495210329033
Matt Thomas,72,#21,Toronto Raptors,G,1994-08-04,1.93,89.4,898310,USA,2017,0,0,Iowa State,NBA2k20,24.000644312598997
Chris Boucher,71,#25,Toronto Raptors,F-C,1993-01-11,2.06,90.7,1588231,Canada,2017,0,0,Oregon,NBA2k20,21.373362239607882
Jevon Carter,71,#4,Phoenix Suns,G,1995-09-14,1.85,90.7,1416852,USA,2018,2,32,West Virginia,NBA2k20,26.501095690284878
Deyonta Davis,71,#0,missing_,F-C,1996-12-02,2.08,108.9,250000,USA,2016,2,31,Michigan State,NBA2k20,25.17104289940828
Jacob Evans,71,#0,Minnesota Timberwolves,G,1997-06-18,1.93,95.3,1925880,USA,2018,1,28,Cincinnati,NBA2k20,25.584579451797364
Terrance Ferguson,71,#23,Oklahoma City Thunder,G,1998-05-17,1.98,83.5,2475840,USA,2017,1,21,missing_,NBA2k20,21.298847056422815
Daniel Gafford,71,#12,Chicago Bulls,F,1998-10-01,2.08,106.1,898310,USA,2019,2,38,Arkansas,NBA2k20,24.523853550295854
Treveon Graham,71,#12,Atlanta Hawks,G,1993-10-28,1.96,99.3,1645357,USA,2015,0,0,VCU,NBA2k20,25.84860474802166
Frank Jackson,71,#15,New Orleans Pelicans,G,1998-05-04,1.91,93.0,1618520,USA,2017,2,31,Duke,NBA2k20,25.492722238973712
Luke Kornet,71,#2,Chicago Bulls,C,1995-07-15,2.18,108.9,2250000,USA,2017,0,0,Vanderbilt,NBA2k20,22.914737816682095
Frank Mason,71,#15,Milwaukee Bucks,G,1994-04-13,1.8,86.2,79568,USA,2017,2,34,Kansas,NBA2k20,26.604938271604937
Ben McLemore,71,#16,Houston Rockets,G,1993-02-11,1.91,85.7,2028594,USA,2013,1,7,Kansas,NBA2k20,23.49168060086072
Dzanan Musa,71,#13,Brooklyn Nets,F,1999-05-08,2.06,88.5,1911600,Bosnia and Herzegovina,2018,1,29,missing_,NBA2k20,20.854934489584316
Elie Okobo,71,#2,Phoenix Suns,G,1997-10-23,1.91,86.2,1416852,France,2018,2,31,missing_,NBA2k20,23.628738247306817
Jerome Robinson,71,#1,Washington Wizards,G,1997-02-22,1.93,86.2,3567720,USA,2018,1,13,Boston College,NBA2k20,23.14156084727107
JaKarr Sampson,71,#14,Indiana Pacers,F,1993-03-20,2.01,101.2,1737145,USA,2014,0,0,St. John's,NBA2k20,25.048884928590883
Edmond Sumner,71,#5,Indiana Pacers,G,1995-12-13,1.93,84.4,2000000,USA,2017,2,52,Xavier,NBA2k20,22.65832639802411
Gary Trent Jr,71,#2,Portland Trail Blazers,G,1999-01-18,1.96,94.8,1416852,USA,2018,2,37,Duke,NBA2k20,24.677217825905874
Moritz Wagner,71,#21,Washington Wizards,F,1997-04-26,2.11,108.9,2063520,Germany,2018,1,25,Michigan,NBA2k20,24.460367017811823
Admiral Schofield,71,#1,Washington Wizards,F,1997-03-30,1.96,109.3,1000000,USA,2019,2,42,Tennessee,NBA2k20,28.45168679716785
Bruno Fernando,71,#24,Atlanta Hawks,F,1998-08-15,2.06,111.1,1400000,Angola,2019,2,34,Maryland,NBA2k20,26.180601376190026
Alen Smailagic,71,#6,Golden State Warriors,F,2000-08-18,2.08,97.5,898310,Serbia,2019,2,39,missing_,NBA2k20,22.53605769230769
Eric Paschall,71,#7,Golden State Warriors,F,1996-11-04,1.98,115.7,898310,USA,2019,2,41,Villanova,NBA2k20,29.51229466380982
Carsen Edwards,71,#4,Boston Celtics,G,1998-03-12,1.8,90.7,1228026,USA,2019,2,33,Purdue,NBA2k20,27.993827160493826
KZ Okpala,71,#4,Miami Heat,F,1999-04-28,2.03,97.5,898310,USA,2019,2,32,Stanford,NBA2k20,23.65988012327405
Shake Milton,71,#18,Philadelphia 76ers,C,1996-09-26,1.96,93.0,1445697,USA,2018,2,54,SMU,NBA2k20,24.20866305705956
Chimezie Metu,71,#7,San Antonio Spurs,F,1997-03-22,2.06,102.1,1416852,Nigeria,2018,2,49,USC,NBA2k20,24.05976058063908
Keita Bates-Diop,70,#0,Denver Nuggets,F,1996-01-23,2.03,106.6,1416852,USA,2018,2,48,Ohio State,NBA2k20,25.86813560144629
Darius Bazley,70,#7,Oklahoma City Thunder,F,2000-06-12,2.03,90.7,2284800,USA,2019,1,23,missing_,NBA2k20,22.00975515057391
Tony Bradley,70,#13,Utah Jazz,F-C,1998-01-08,2.08,112.5,1962360,USA,2017,1,28,North Carolina,NBA2k20,26.00314349112426
Hamidou Diallo,70,#6,Oklahoma City Thunder,G,1998-07-31,1.96,89.8,1416852,USA,2018,2,45,Kentucky,NBA2k20,23.37567680133278
Melvin Frazier,70,#35,Orlando Magic,F,1996-08-30,1.96,91.2,1416852,USA,2018,2,35,Tulane,NBA2k20,23.740108288213246
Solomon Hill,70,#44,Miami Heat,F,1991-03-18,1.98,102.5,13290395,USA,2013,1,23,Arizona,NBA2k20,26.145291296806448
Alize Johnson,70,#24,Indiana Pacers,F,1996-04-26,2.01,91.2,1416852,USA,2018,2,50,Missouri State,NBA2k20,22.573698670824985
Skal Labissiere,70,#0,Atlanta Hawks,C-F,1996-03-18,2.08,98.0,2338846,Haiti,2016,1,28,Kentucky,NBA2k20,22.65162721893491
Tyler Lydon,70,#0,missing_,F-C,1996-04-09,2.06,99.8,50000,USA,2017,1,24,Syracuse,NBA2k20,23.51776793288717
Sviatoslav Mykhailiuk,70,#19,Detroit Pistons,G,1997-06-10,2.01,93.0,1416852,Ukraine,2018,2,47,Kansas,NBA2k20,23.01923219722285
Johnathan Motley,70,#15,Los Angeles Clippers,F,1995-05-04,2.03,104.3,79568,USA,2017,0,0,Baylor,NBA2k20,25.310005095974187
Abdel Nader,70,#11,Oklahoma City Thunder,F,1993-09-25,1.96,102.1,1618520,Egypt,2016,2,58,Iowa State,NBA2k20,26.57746772178259
Miles Plumlee,70,#0,missing_,F-C,1988-09-01,2.11,115.7,12500000,USA,2012,1,26,Duke,NBA2k20,25.987736124525508
Caleb Swanigan,70,#50,Portland Trail Blazers,C,1997-04-18,2.06,112.9,2033160,USA,2017,1,26,Purdue,NBA2k20,26.604769535300218
Jarred Vanderbilt,70,#0,Minnesota Timberwolves,F,1999-04-03,2.06,97.1,1416852,USA,2018,2,41,Kentucky,NBA2k20,22.881515694221886
Jemerrio Jones,70,#0,missing_,F,1995-04-09,1.96,91.2,195077,USA,2018,0,0,New Mexico State,NBA2k20,23.740108288213246
Jordan Poole,70,#3,Golden State Warriors,G,1999-06-19,1.93,88.0,1964760,USA,2019,1,28,Michigan,NBA2k20,23.624795296518027
Talen Horton-Tucker,70,#5,Los Angeles Lakers,G,2000-11-20,1.93,106.1,898310,USA,2019,2,46,Iowa State,NBA2k20,28.483986147279122
Yante Maten,70,#0,missing_,F-C,1996-08-14,2.03,108.9,100000,USA,2018,0,0,Georgia,NBA2k20,26.4262661069184
Thanasis Antetokounmpo,70,#43,Milwaukee Bucks,F,1992-07-18,1.98,97.5,1445697,Greece,2014,2,51,missing_,NBA2k20,24.869911233547597
Naz Reid,70,#11,Minnesota Timberwolves,C,1999-08-26,2.06,112.9,898310,USA,2019,0,0,LSU,NBA2k20,26.604769535300218
Ignas Brazdeikis,70,#17,New York Knicks,F,1999-01-08,1.98,98.0,898310,Canada,2019,2,47,Michigan,NBA2k20,24.997449239873482
Deonte Burton,70,#30,Oklahoma City Thunder,G,1991-06-26,1.93,108.9,1416852,USA,2014,0,0,Iowa State,NBA2k20,29.235684179441062
Justin James,70,#10,Sacramento Kings,G,1997-01-24,2.01,86.2,898310,USA,2019,2,40,Wyoming,NBA2k20,21.336105541942036
Henry Ellenson,69,#0,missing_,F-C,1997-01-13,2.08,109.8,79568,USA,2016,1,18,Marquette,NBA2k20,25.379068047337274
Devonte Graham,69,#0,Charlotte Hornets,G,1995-02-22,1.85,83.9,1416852,USA,2018,2,34,Kansas,NBA2k20,24.514243973703433
Amile Jefferson,69,#0,missing_,F-C,1993-05-07,2.06,101.6,1529007,USA,2017,0,0,Duke,NBA2k20,23.94193609199736
Khyri Thomas,69,#13,Detroit Pistons,G,1996-05-08,1.91,95.3,1416852,USA,2018,2,38,Creighton,NBA2k20,26.12318741262575
Theo Pinson,69,#0,New York Knicks,G,1995-11-05,1.96,99.8,1445697,USA,2018,0,0,North Carolina,NBA2k20,25.978758850478968
Gary Clark,69,#0,Orlando Magic,F,1994-11-16,1.98,102.1,1427191,USA,2018,0,0,Cincinnati,NBA2k20,26.04326089174574
Terance Mann,69,#14,Los Angeles Clippers,G,1996-10-18,1.96,97.5,1000000,USA,2019,2,48,Florida State,NBA2k20,25.380049979175347
Cam Reynolds,69,#13,Milwaukee Bucks,G,1995-02-07,2.01,102.1,79568,USA,2018,0,0,Tulane,NBA2k20,25.271651691789813
Tyrone Wallace,69,#0,missing_,G-F,1994-06-10,1.96,90.7,502491,USA,2016,2,60,California,NBA2k20,23.60995418575594
Miye Oni,69,#24,Utah Jazz,F,1997-08-04,1.96,95.3,898310,USA,2019,2,58,Yale,NBA2k20,24.80737192836318
Malcolm Miller,69,#13,Toronto Raptors,F,1993-03-06,2.01,93.0,1588231,USA,2015,0,0,Holy Cross,NBA2k20,23.01923219722285
Isaac Bonga,68,#17,Washington Wizards,G,1999-11-08,2.03,90.7,1416852,Germany,2018,2,39,missing_,NBA2k20,22.00975515057391
Isaiah Hartenstein,68,#0,missing_,F-C,1998-05-05,2.13,113.4,1416852,Germany,2017,2,43,missing_,NBA2k20,24.995040666534422
Jordan McRae,68,#0,Detroit Pistons,G,1991-03-28,1.96,81.2,1254933,USA,2014,2,58,Tennessee,NBA2k20,21.13702623906706
Brandon Goodwin,68,#0,Atlanta Hawks,G,1995-10-02,1.83,81.6,522738,USA,2018,0,0,Florida Gulf Coast,NBA2k20,24.36620980023291
Michael Frazier,68,#21,Houston Rockets,G,1994-03-08,1.91,90.7,79568,USA,2015,2,60,Florida,NBA2k20,24.862257065321675
Kostas Antetokounmpo,68,#37,Los Angeles Lakers,F,1997-11-20,2.08,90.7,79568,Greece,2018,0,0,Dayton,NBA2k20,20.964312130177515
Jalen Lecque,68,#0,Phoenix Suns,G,2000-06-13,1.91,86.2,898310,USA,2019,0,0,missing_,NBA2k20,23.628738247306817
Duncan Robinson,67,#55,Miami Heat,F,1994-04-22,2.01,97.5,1416852,USA,2018,0,0,Michigan,NBA2k20,24.1330660132175
LeBron James,97,#6,Los Angeles Lakers,F,1984-12-30,2.06,113.4,41180544,USA,2003,1,1,missing_,NBA2k21,26.722594023941937
Giannis Antetokounmpo,97,#34,Milwaukee Bucks,F-G,1994-12-06,2.11,109.8,39344900,Greece,2013,1,15,missing_,NBA2k21,24.662518811347454
Kawhi Leonard,96,#2,Los Angeles Clippers,F,1991-06-29,2.01,102.1,39344900,USA,2011,1,15,San Diego State,NBA2k21,25.271651691789813
James Harden,96,#13,Brooklyn Nets,G,1989-08-26,1.96,99.8,44310840,USA,2009,1,3,Arizona State,NBA2k21,25.978758850478968
Stephen Curry,95,#30,Golden State Warriors,G,1988-03-14,1.91,83.9,45780966,USA,2009,1,7,Davidson,NBA2k21,22.998273073654783
Kevin Durant,95,#7,Brooklyn Nets,F,1988-09-29,2.08,104.3,40918900,USA,2007,1,2,Texas,NBA2k21,24.107803254437865
Anthony Davis,95,#3,Los Angeles Lakers,F-C,1993-03-11,2.08,100.7,35361360,USA,2012,1,1,Kentucky,NBA2k21,23.27570266272189
Luka Doncic,94,#77,Dallas Mavericks,G-F,1999-02-28,2.01,103.0,10174391,Slovenia,2018,1,3,missing_,NBA2k21,25.494418454988743
Damian Lillard,94,#0,Portland Trail Blazers,G,1990-07-15,1.88,88.5,39344900,USA,2012,1,6,Weber State,NBA2k21,25.039610683567226
Joel Embiid,91,#21,Philadelphia 76ers,C,1994-03-16,2.13,113.4,31579390,Cameroon,2014,1,3,Kansas,NBA2k21,24.995040666534422
